coc_number,year,"Total Year-Round Beds (ES, TH, SH)","Total HMIS Year-Round Beds (ES, TH, SH)",Total Year-Round Beds (ES),Total Year-Round Beds (TH),Total Year-Round Beds (SH),Total Year-Round Beds (RRH),Total Year-Round Beds (PSH),Total Year-Round Beds (OPH),"Dedicated Veteran Beds (ES, TH, SH)","Dedicated Youth Beds (ES, TH, SH)"
CA-500,2024,3337,3236,2938,379,20,1675,5000,1964,106,143
CA-501,2024,4370,4026,3922,448,0,1372,5758,9253,76,315
CA-502,2024,3472,2969,2440,1018,14,1196,5129,166,105,241
CA-503,2024,3261,3089,2490,771,0,930,4323,657,211,152
CA-504,2024,1244,1069,1001,243,0,410,1518,152,34,44
CA-505,2024,1036,670,763,273,0,344,1569,422,16,46
CA-506,2024,875,628,677,198,0,120,494,0,68,18
CA-507,2024,312,185,205,107,0,176,751,248,12,2
CA-508,2024,430,355,338,92,0,444,650,1132,14,12
CA-509,2024,257,187,140,117,0,7,594,56,0,34
CA-510,2024,1309,1128,1076,233,0,124,730,424,0,78
CA-511,2024,1772,1709,1412,360,0,412,807,532,29,34
CA-512,2024,1112,1054,954,158,0,439,1232,671,55,10
CA-513,2024,462,385,313,149,0,188,315,419,0,20
CA-514,2024,1716,1513,1531,185,0,599,1433,54,99,22
CA-515,2024,354,261,251,103,0,86,180,20,0,4
CA-516,2024,1453,388,1140,313,0,168,141,237,22,66
CA-517,2024,266,239,230,36,0,97,90,143,0,12
CA-518,2024,339,304,183,156,0,82,384,15,12,43
CA-519,2024,818,756,589,229,0,479,287,142,15,17
CA-520,2024,466,357,352,114,0,326,40,68,0,7
CA-521,2024,307,209,278,29,0,310,300,66,0,13
CA-522,2024,426,198,350,76,0,293,436,60,29,18
CA-523,2024,140,119,115,25,0,0,0,0,0,0
CA-524,2024,307,283,284,23,0,347,179,66,0,0
CA-525,2024,198,101,117,81,0,50,29,139,0,30
CA-526,2024,267,199,240,27,0,80,49,48,7,0
CA-527,2024,84,44,27,57,0,164,18,0,0,0
CA-529,2024,213,167,150,63,0,77,15,303,0,5
CA-530,2024,38,5,6,32,0,0,0,12,0,0
CA-531,2024,254,208,178,76,0,2,72,0,0,8
CA-600,2024,26609,23483,23317,2988,304,9138,26433,1411,1188,1400
CA-601,2024,5740,5275,3746,1921,73,2383,7287,1988,430,470
CA-602,2024,3871,3093,3030,841,0,808,2990,2082,83,108
CA-603,2024,910,647,801,109,0,506,770,881,22,20
CA-604,2024,1155,1083,948,207,0,451,1335,186,58,27
CA-606,2024,1083,849,569,462,52,521,1984,599,215,0
CA-607,2024,223,204,167,56,0,31,538,184,0,19
CA-608,2024,1915,1196,1467,448,0,830,2063,0,60,70
CA-609,2024,1308,1016,890,418,0,1237,1649,0,18,14
CA-611,2024,1308,936,1043,255,10,433,635,523,20,95
CA-612,2024,121,61,77,44,0,38,156,0,0,0
CA-613,2024,437,284,325,112,0,320,32,423,0,0
CA-614,2024,363,283,317,46,0,346,363,313,0,3
CA-500,2023,2869,2751,2376,479,14,1407,4365,1995,185,157
CA-501,2023,3856,3481,3350,506,0,1641,5725,7760,133,292
CA-502,2023,3371,2935,2276,1042,53,1198,5257,0,127,163
CA-503,2023,2749,2598,2026,723,0,933,3553,297,164,249
CA-504,2023,1225,1085,855,370,0,494,1211,228,53,21
CA-505,2023,839,507,564,275,0,294,1325,274,38,47
CA-506,2023,812,644,532,280,0,183,614,0,71,14
CA-507,2023,300,205,192,108,0,141,658,190,12,2
CA-508,2023,454,355,381,73,0,400,746,804,14,0
CA-509,2023,281,221,214,67,0,108,529,100,0,18
CA-510,2023,1164,984,926,238,0,32,705,224,15,94
CA-511,2023,1662,1617,1311,351,0,328,787,550,52,34
CA-512,2023,865,825,707,158,0,384,1137,772,45,9
CA-513,2023,523,392,317,206,0,188,264,277,0,20
CA-514,2023,1829,1192,1480,349,0,441,1491,53,101,50
CA-515,2023,336,273,272,64,0,122,199,58,0,13
CA-516,2023,1087,512,677,410,0,151,141,148,56,58
CA-517,2023,176,144,135,41,0,145,60,28,0,12
CA-518,2023,347,247,183,164,0,123,278,0,14,47
CA-519,2023,736,631,497,239,0,359,220,0,15,19
CA-520,2023,454,378,374,80,0,33,160,0,1,6
CA-521,2023,375,322,339,36,0,422,379,0,0,26
CA-522,2023,407,219,317,90,0,617,279,17,51,15
CA-523,2023,170,144,112,58,0,0,0,0,1,0
CA-524,2023,435,403,393,42,0,395,113,15,0,0
CA-525,2023,83,29,12,71,0,70,39,92,0,23
CA-526,2023,318,201,268,50,0,141,96,18,7,3
CA-527,2023,72,32,24,48,0,185,0,0,0,0
CA-529,2023,203,117,128,75,0,107,12,175,0,11
CA-530,2023,4,0,0,4,0,0,0,0,0,0
CA-531,2023,291,246,131,160,0,95,68,1,2,4
CA-600,2023,24898,16839,20512,3929,457,8450,24172,1592,1131,1474
CA-601,2023,6267,5849,4386,1808,73,2814,6865,2183,434,388
CA-602,2023,3658,2877,2814,844,0,1304,2917,2122,81,54
CA-603,2023,855,625,729,126,0,285,782,831,20,21
CA-604,2023,1156,1044,889,267,0,521,3100,11,56,27
CA-606,2023,1284,999,692,534,58,292,1820,320,277,0
CA-607,2023,201,177,145,56,0,101,447,109,0,26
CA-608,2023,1489,1259,1197,292,0,710,1719,0,52,53
CA-609,2023,1286,917,797,489,0,2136,1590,0,13,12
CA-611,2023,1080,724,786,284,10,547,734,269,20,46
CA-612,2023,124,58,61,63,0,30,156,126,0,0
CA-613,2023,226,78,131,95,0,156,24,74,6,20
CA-614,2023,314,263,282,32,0,283,363,515,1,8
CA-500,2022,2331,2228,1837,474,20,1393,4407,0,224,171
CA-501,2022,2606,2190,2051,555,0,1919,5815,6621,136,263
CA-502,2022,3979,3243,3164,762,53,1550,4169,0,138,241
CA-503,2022,2561,2213,1862,699,0,764,3466,246,159,242
CA-504,2022,1121,977,750,371,0,402,1016,178,47,36
CA-505,2022,952,754,707,245,0,165,1275,215,33,45
CA-506,2022,1069,847,659,410,0,112,579,0,126,14
CA-507,2022,313,255,180,133,0,130,581,296,12,2
CA-508,2022,586,470,466,120,0,442,627,665,14,0
CA-509,2022,242,167,164,78,0,113,344,184,5,32
CA-510,2022,1138,1052,892,246,0,45,640,60,25,66
CA-511,2022,1478,1443,1161,317,0,290,722,22,28,60
CA-512,2022,820,789,655,165,0,482,1057,649,55,11
CA-513,2022,466,360,294,172,0,188,266,214,0,20
CA-514,2022,2153,1308,1795,358,0,389,1612,900,101,40
CA-515,2022,392,294,285,107,0,89,200,62,0,0
CA-516,2022,1019,388,689,330,0,198,208,148,12,15
CA-517,2022,162,130,123,39,0,139,51,0,0,7
CA-518,2022,399,281,236,163,0,212,291,0,12,51
CA-519,2022,617,505,339,278,0,236,360,190,0,23
CA-520,2022,555,485,427,128,0,46,152,0,8,0
CA-521,2022,363,300,316,47,0,329,341,0,0,21
CA-522,2022,448,260,358,90,0,297,252,0,51,15
CA-523,2022,170,156,151,19,0,0,0,0,0,0
CA-524,2022,451,407,409,42,0,343,113,10,0,0
CA-525,2022,90,57,39,51,0,28,18,36,0,9
CA-526,2022,234,150,176,58,0,41,82,0,10,0
CA-527,2022,92,52,44,48,0,274,0,0,0,0
CA-529,2022,107,68,77,30,0,111,239,26,0,0
CA-530,2022,47,30,15,30,2,6,0,0,0,0
CA-531,2022,251,226,203,48,0,53,57,16,0,0
CA-600,2022,24465,16589,20070,3963,432,10514,23146,1877,1107,1293
CA-601,2022,5801,5040,4090,1652,59,2527,6469,2537,369,394
CA-602,2022,3397,2591,2529,868,0,1097,2793,1607,81,47
CA-603,2022,746,499,644,102,0,355,956,698,16,14
CA-604,2022,1105,993,810,295,0,548,3058,10,62,7
CA-606,2022,1322,1040,695,569,58,415,1832,240,279,0
CA-607,2022,154,136,114,40,0,66,447,109,0,26
CA-608,2022,1636,1454,1396,240,0,309,1506,0,39,65
CA-609,2022,1091,803,736,355,0,1653,1691,0,15,21
CA-611,2022,973,600,772,191,10,516,689,73,18,6
CA-612,2022,139,73,89,50,0,51,169,5,0,0
CA-613,2022,261,108,119,142,0,235,32,73,6,20
CA-614,2022,305,223,251,54,0,415,358,410,1,23
CA-500,2021,1928,1805,1438,470,20,1529,4414,126,210,106
CA-501,2021,2267,1113,1730,537,0,2101,5554,4738,136,260
CA-502,2021,3525,2951,2777,701,47,768,3710,0,145,257
CA-503,2021,2441,2173,1785,656,0,819,3703,91,179,376
CA-504,2021,1079,923,738,341,0,386,979,189,73,37
CA-505,2021,925,791,744,181,0,243,1242,16,20,24
CA-506,2021,1025,811,572,453,0,200,483,0,68,18
CA-507,2021,293,213,163,130,0,82,471,163,6,3
CA-508,2021,547,527,409,138,0,522,544,93,14,0
CA-509,2021,296,209,181,115,0,83,355,10,3,31
CA-510,2021,612,524,383,229,0,37,629,0,15,48
CA-511,2021,1522,1338,1089,433,0,140,732,14,56,20
CA-512,2021,699,677,526,173,0,387,997,403,60,14
CA-513,2021,437,324,307,130,0,226,272,75,0,20
CA-514,2021,1020,431,863,157,0,577,1200,44,101,48
CA-515,2021,462,332,301,161,0,109,191,87,8,5
CA-516,2021,1157,327,732,425,0,116,78,0,22,15
CA-517,2021,261,229,203,58,0,57,50,0,0,3
CA-518,2021,489,365,368,121,0,176,255,0,23,35
CA-519,2021,740,641,460,280,0,201,384,112,9,72
CA-520,2021,511,435,263,248,0,46,163,0,8,0
CA-521,2021,281,233,247,34,0,283,254,0,0,2
CA-522,2021,433,263,333,85,15,296,57,0,51,5
CA-523,2021,143,118,93,50,0,0,0,0,0,0
CA-524,2021,740,696,698,42,0,311,124,0,0,0
CA-525,2021,143,74,93,50,0,61,21,0,0,19
CA-526,2021,214,128,156,58,0,66,67,37,10,0
CA-527,2021,67,27,24,43,0,153,0,0,0,0
CA-529,2021,86,80,36,50,0,93,239,0,0,0
CA-530,2021,63,51,40,21,2,2,0,0,0,0
CA-531,2021,190,170,151,39,0,34,52,16,0,4
CA-600,2021,21107,13841,16578,4129,400,7191,23677,2724,1185,1235
CA-601,2021,5473,4749,3816,1622,35,2116,6319,1027,337,296
CA-602,2021,3168,2313,2269,899,0,820,2602,267,26,46
CA-603,2021,674,420,559,115,0,280,787,491,18,14
CA-604,2021,880,754,664,216,0,489,2583,10,48,20
CA-606,2021,769,632,410,359,0,247,1884,240,279,0
CA-607,2021,135,135,91,44,0,19,433,0,0,3
CA-608,2021,1442,1305,1357,85,0,467,1292,0,39,65
CA-609,2021,875,622,512,339,24,2260,1595,0,36,41
CA-611,2021,892,503,669,213,10,595,687,67,50,6
CA-612,2021,86,40,53,33,0,60,190,0,0,0
CA-613,2021,250,123,134,116,0,60,245,0,0,0
CA-614,2021,235,178,214,21,0,429,350,4,1,0
CA-500,2020,1648,1553,1069,559,20,1486,3829,126,212,99
CA-501,2020,3530,881,2903,627,0,1187,5897,4154,171,281
CA-502,2020,2032,1491,1383,617,32,633,3545,0,215,169
CA-503,2020,1783,1502,1193,590,0,772,3251,91,139,216
CA-504,2020,1112,836,737,375,0,630,823,145,26,55
CA-505,2020,726,675,532,194,0,231,1156,6,31,32
CA-506,2020,920,656,411,509,0,226,301,0,83,12
CA-507,2020,381,291,201,180,0,48,514,90,16,4
CA-508,2020,628,544,446,182,0,420,658,0,18,34
CA-509,2020,171,73,47,124,0,41,363,0,0,26
CA-510,2020,1065,915,817,248,0,12,555,0,16,38
CA-511,2020,1307,1179,947,360,0,364,726,0,46,18
CA-512,2020,752,696,580,172,0,367,1218,47,60,16
CA-513,2020,494,333,310,184,0,139,235,65,0,20
CA-514,2020,1046,351,898,148,0,767,1338,44,84,46
CA-515,2020,408,232,242,166,0,74,61,0,0,6
CA-516,2020,625,130,436,189,0,251,55,0,23,1
CA-517,2020,145,117,123,22,0,59,50,0,0,10
CA-518,2020,331,201,222,109,0,177,228,0,30,35
CA-519,2020,573,424,319,254,0,21,176,115,0,16
CA-520,2020,416,252,272,144,0,46,163,0,8,6
CA-521,2020,244,195,193,51,0,334,242,0,0,23
CA-522,2020,379,169,294,85,0,213,57,0,51,5
CA-523,2020,119,90,61,58,0,0,0,0,0,0
CA-524,2020,338,338,296,42,0,213,18,4,0,0
CA-525,2020,148,43,82,66,0,85,5,0,0,12
CA-526,2020,223,141,172,51,0,100,58,0,12,0
CA-527,2020,62,22,24,38,0,188,0,0,0,0
CA-529,2020,63,20,25,38,0,0,210,24,0,6
CA-530,2020,32,21,11,21,0,7,0,0,0,0
CA-531,2020,99,81,87,12,0,97,42,2,0,0
CA-600,2020,18955,12320,14719,4111,125,6045,22683,2030,784,1159
CA-601,2020,4177,3246,2424,1700,53,1846,4901,939,587,248
CA-602,2020,3184,2171,2167,1017,0,663,2496,295,26,20
CA-603,2020,810,475,647,163,0,186,707,277,38,14
CA-604,2020,697,368,433,264,0,602,2308,9,59,10
CA-606,2020,562,419,245,317,0,378,1662,240,232,0
CA-607,2020,183,183,132,51,0,25,434,0,0,6
CA-608,2020,931,811,839,92,0,318,1744,0,25,56
CA-609,2020,693,477,483,186,24,2101,1603,0,33,22
CA-611,2020,569,367,354,205,10,683,693,0,18,26
CA-612,2020,111,99,57,54,0,15,189,0,0,3
CA-613,2020,303,98,149,154,0,157,321,0,0,0
CA-614,2020,290,180,259,31,0,404,357,4,0,14
CA-500,2019,1764,1687,900,844,20,1284,3276,0,211,102
CA-501,2019,3403,1874,2631,752,20,664,10797,0,373,326
CA-502,2019,1757,1380,1160,565,32,606,3353,0,150,167
CA-503,2019,1626,1349,944,682,0,743,3266,533,149,170
CA-504,2019,974,809,699,275,0,495,764,318,35,42
CA-505,2019,660,614,474,186,0,126,1111,0,29,29
CA-506,2019,827,595,328,499,0,170,271,0,83,30
CA-507,2019,403,323,204,199,0,92,436,119,16,2
CA-508,2019,461,362,279,182,0,204,571,0,12,28
CA-509,2019,330,88,104,226,0,20,244,0,0,21
CA-510,2019,814,747,600,214,0,98,610,0,16,38
CA-511,2019,1229,1086,883,346,0,262,769,0,46,18
CA-512,2019,681,633,333,348,0,239,1054,34,53,14
CA-513,2019,405,293,234,171,0,105,260,0,0,20
CA-514,2019,525,171,411,114,0,534,1353,44,85,30
CA-515,2019,467,322,250,217,0,182,188,108,0,8
CA-516,2019,787,0,483,304,0,58,36,51,82,31
CA-517,2019,167,139,102,65,0,116,49,0,0,10
CA-518,2019,339,219,240,99,0,88,382,0,12,35
CA-519,2019,513,376,318,195,0,72,346,0,15,15
CA-520,2019,360,225,248,112,0,46,163,0,8,6
CA-521,2019,268,159,209,59,0,233,142,0,0,21
CA-522,2019,396,186,299,97,0,93,56,0,51,22
CA-523,2019,82,0,17,65,0,0,0,0,0,0
CA-524,2019,212,142,212,0,0,4,29,0,0,0
CA-525,2019,120,57,56,64,0,107,5,0,0,12
CA-526,2019,185,75,134,51,0,141,46,0,12,0
CA-527,2019,58,18,24,34,0,143,0,0,0,0
CA-529,2019,53,13,30,23,0,0,0,0,0,0
CA-530,2019,22,11,11,11,0,7,0,0,0,0
CA-531,2019,179,113,134,45,0,34,22,0,0,1
CA-600,2019,14501,8194,10967,3406,128,6924,20219,1744,750,1068
CA-601,2019,3930,3277,1986,1873,71,1525,4177,842,519,158
CA-602,2019,3094,2030,1989,1105,0,774,2243,108,26,14
CA-603,2019,769,543,552,217,0,127,665,297,29,14
CA-604,2019,650,523,465,185,0,577,2308,9,59,3
CA-606,2019,622,331,261,361,0,360,1318,484,232,0
CA-607,2019,177,177,126,51,0,17,422,0,0,19
CA-608,2019,823,693,770,53,0,235,1703,0,31,65
CA-609,2019,703,455,433,246,24,1779,1528,0,29,5
CA-611,2019,386,178,182,190,14,644,629,0,10,18
CA-612,2019,110,100,55,55,0,13,192,0,0,0
CA-613,2019,248,70,94,154,0,467,48,0,0,0
CA-614,2019,226,50,197,29,0,33,346,4,0,0
CA-500,2018,1580,1507,746,814,20,834,4220,0,196,85
CA-501,2018,2686,1965,2116,551,19,227,9556,0,398,358
CA-502,2018,1636,1173,872,752,12,602,2925,0,154,340
CA-503,2018,1493,1140,891,602,0,732,2933,0,87,168
CA-504,2018,1025,824,701,324,0,280,960,118,36,43
CA-505,2018,632,342,474,158,0,231,1092,0,28,32
CA-506,2018,946,664,345,601,0,18,299,45,69,50
CA-507,2018,402,290,194,208,0,112,549,0,16,2
CA-508,2018,510,411,287,223,0,191,560,0,12,28
CA-509,2018,184,108,72,112,0,0,254,0,0,6
CA-510,2018,732,666,525,207,0,34,564,0,16,38
CA-511,2018,1217,1077,904,313,0,358,718,0,54,18
CA-512,2018,680,620,310,370,0,342,750,275,63,14
CA-513,2018,448,279,255,193,0,144,262,0,0,20
CA-514,2018,571,171,425,122,24,526,1308,0,96,34
CA-515,2018,595,417,341,254,0,196,192,0,0,13
CA-516,2018,521,58,314,207,0,188,61,0,22,18
CA-517,2018,151,128,85,66,0,38,57,0,0,12
CA-518,2018,339,300,240,99,0,205,257,0,12,35
CA-519,2018,409,341,220,189,0,35,368,53,15,16
CA-520,2018,222,87,110,112,0,0,130,0,0,10
CA-521,2018,244,128,157,87,0,75,132,0,0,7
CA-522,2018,358,203,251,107,0,49,56,0,51,32
CA-523,2018,128,105,57,71,0,36,0,0,23,40
CA-524,2018,317,113,317,0,0,142,14,0,0,0
CA-525,2018,94,27,43,51,0,126,0,1,0,12
CA-526,2018,154,72,108,46,0,126,22,0,12,5
CA-527,2018,40,16,24,16,0,68,0,0,0,0
CA-529,2018,53,13,30,23,0,0,0,0,0,0
CA-530,2018,10,0,0,10,0,0,0,0,0,0
CA-600,2018,14074,7019,9583,4393,98,5428,19194,3089,1024,1250
CA-601,2018,3959,3566,2050,1818,91,1372,4403,857,468,156
CA-602,2018,2521,1140,1374,1147,0,687,2546,66,25,20
CA-603,2018,815,550,542,273,0,213,591,299,27,22
CA-604,2018,587,510,421,166,0,836,2123,9,56,4
CA-606,2018,614,332,275,339,0,380,1549,250,210,0
CA-607,2018,178,178,127,51,0,48,445,0,0,12
CA-608,2018,782,684,602,180,0,181,1702,0,26,72
CA-609,2018,754,450,387,343,24,1773,1349,0,59,24
CA-611,2018,385,193,171,204,10,617,547,0,10,5
CA-612,2018,104,82,52,52,0,0,130,0,0,0
CA-613,2018,192,70,94,98,0,56,48,0,0,12
CA-614,2018,206,100,154,52,0,74,297,0,0,0
CA-500,2017,1652,1593,654,998,0,532,4275,0,199,87
CA-501,2017,2759,1880,2287,453,19,176,8254,0,451,193
CA-502,2017,1636,1203,872,764,0,443,2871,0,154,340
CA-503,2017,1431,1156,762,669,0,661,3028,8,90,121
CA-504,2017,936,807,605,331,0,330,952,118,35,34
CA-505,2017,677,381,459,218,0,183,1183,0,28,32
CA-506,2017,882,603,292,590,0,19,277,0,64,50
CA-507,2017,349,242,182,167,0,155,371,70,16,0
CA-508,2017,482,399,281,201,0,185,638,0,12,28
CA-509,2017,138,118,72,66,0,0,364,0,0,5
CA-510,2017,843,820,581,262,0,83,542,0,32,40
CA-511,2017,1123,826,823,300,0,281,751,20,54,18
CA-512,2017,637,574,223,414,0,139,753,313,73,14
CA-513,2017,459,315,268,191,0,104,256,0,0,20
CA-514,2017,560,212,380,156,24,238,1253,0,84,80
CA-515,2017,486,295,355,131,0,69,217,0,0,50
CA-516,2017,826,24,321,505,0,134,90,0,22,16
CA-517,2017,169,144,101,68,0,50,47,0,2,12
CA-518,2017,366,276,152,214,0,102,217,0,61,51
CA-519,2017,463,420,231,232,0,17,345,18,15,16
CA-520,2017,148,96,76,72,0,0,130,0,0,0
CA-521,2017,236,64,184,52,0,77,101,0,0,9
CA-522,2017,398,250,293,105,0,59,55,0,51,22
CA-523,2017,88,0,19,69,0,0,0,0,0,0
CA-524,2017,294,104,294,0,0,231,0,0,0,0
CA-525,2017,165,93,46,119,0,40,0,77,27,12
CA-526,2017,154,73,103,51,0,70,21,0,20,5
CA-527,2017,41,16,24,17,0,0,0,0,0,0
CA-529,2017,43,13,30,13,0,0,0,0,0,0
CA-530,2017,0,0,0,0,0,0,0,0,0,0
CA-600,2017,15225,5052,8535,6665,25,2541,18348,2287,1428,1081
CA-601,2017,3722,3169,1337,2343,42,706,3882,814,493,330
CA-602,2017,2315,1077,1149,1166,0,598,2609,54,25,20
CA-603,2017,824,517,531,293,0,166,840,0,13,17
CA-604,2017,681,587,457,224,0,378,1194,710,52,2
CA-606,2017,600,348,261,339,0,521,1679,150,210,0
CA-607,2017,163,163,99,64,0,45,405,0,0,0
CA-608,2017,834,751,614,220,0,277,1520,0,36,73
CA-609,2017,757,634,387,353,17,1702,1410,0,58,9
CA-611,2017,372,178,120,242,10,399,522,0,10,1
CA-612,2017,104,80,64,40,0,0,137,0,0,0
CA-613,2017,182,70,94,88,0,32,48,0,0,12
CA-614,2017,253,120,181,72,0,74,251,6,0,13
CA-500,2016,1859,1757,623,1226,10,358,2822,0,,
CA-501,2016,2644,1996,2146,479,19,774,7599,0,,
CA-502,2016,1803,1323,874,929,0,387,2585,97,,
CA-503,2016,1435,1150,700,735,0,101,2970,0,,
CA-504,2016,1003,813,594,409,0,164,917,0,,
CA-505,2016,591,491,418,173,0,248,867,0,,
CA-506,2016,823,555,308,515,0,317,311,0,,
CA-507,2016,389,303,178,211,0,70,504,0,,
CA-508,2016,575,503,347,228,0,167,457,0,,
CA-509,2016,137,16,73,64,0,0,370,0,,
CA-510,2016,649,477,358,291,0,16,450,0,,
CA-511,2016,1490,1312,693,797,0,28,751,20,,
CA-512,2016,623,560,227,396,0,127,917,0,,
CA-513,2016,467,323,237,230,0,180,217,0,,
CA-514,2016,677,251,412,241,24,157,1114,0,,
CA-515,2016,530,353,317,213,0,42,251,0,,
CA-516,2016,542,78,324,218,0,0,44,0,,
CA-517,2016,156,120,97,59,0,28,51,0,,
CA-518,2016,419,339,238,181,0,94,183,0,,
CA-519,2016,345,277,229,116,0,5,291,5,,
CA-520,2016,225,141,105,120,0,0,130,0,,
CA-521,2016,355,203,186,169,0,1,72,35,,
CA-522,2016,243,243,97,146,0,7,108,0,,
CA-523,2016,54,0,18,36,0,0,0,0,,
CA-524,2016,208,0,88,120,0,0,0,0,,
CA-525,2016,124,88,35,89,0,160,0,0,,
CA-526,2016,189,103,103,86,0,152,16,0,,
CA-527,2016,40,16,24,16,0,0,0,0,,
CA-529,2016,55,6,42,13,0,0,0,0,,
CA-600,2016,12298,6345,5513,6760,25,1536,19226,1481,,
CA-601,2016,4434,3792,1312,3065,57,579,3709,329,,
CA-602,2016,2030,1152,630,1400,0,734,2348,44,,
CA-603,2016,771,494,443,328,0,108,774,0,,
CA-604,2016,682,588,457,225,0,164,1067,710,,
CA-606,2016,642,371,257,385,0,234,1452,120,,
CA-607,2016,152,146,68,84,0,4,307,0,,
CA-608,2016,1023,863,689,334,0,292,1538,0,,
CA-609,2016,714,607,325,389,0,1093,1098,0,,
CA-611,2016,412,101,133,269,10,374,498,0,,
CA-612,2016,89,81,49,40,0,0,148,0,,
CA-613,2016,182,134,126,56,0,0,32,0,,
CA-614,2016,259,160,147,112,0,74,222,0,,
CA-500,2015,2006,1883,622,1374,10,6,2794,0,,
CA-501,2015,2522,1829,2038,465,19,753,7051,0,,
CA-502,2015,1783,1264,852,931,0,303,2594,0,,
CA-503,2015,1564,1254,665,899,0,358,2787,0,,
CA-504,2015,1018,749,558,460,0,52,979,0,,
CA-505,2015,881,473,527,354,0,140,870,0,,
CA-506,2015,889,678,324,565,0,39,376,0,,
CA-507,2015,412,319,184,228,0,70,478,0,,
CA-508,2015,600,526,353,247,0,131,409,0,,
CA-509,2015,122,67,66,56,0,0,372,14,,
CA-510,2015,569,523,285,284,0,54,422,0,,
CA-511,2015,1471,1317,711,760,0,5,635,0,,
CA-512,2015,798,645,321,477,0,94,689,0,,
CA-513,2015,559,393,237,322,0,63,229,0,,
CA-514,2015,856,448,372,460,24,16,1039,0,,
CA-515,2015,431,304,240,191,0,53,217,0,,
CA-516,2015,456,57,261,195,0,0,34,10,,
CA-517,2015,165,125,103,62,0,23,49,0,,
CA-518,2015,381,245,142,239,0,0,104,0,,
CA-519,2015,332,261,228,104,0,0,130,0,,
CA-520,2015,224,104,104,120,0,63,78,0,,
CA-521,2015,278,210,100,178,0,7,89,0,,
CA-522,2015,220,209,36,184,0,33,89,0,,
CA-523,2015,81,0,37,44,0,0,0,0,,
CA-524,2015,352,0,162,190,0,0,0,0,,
CA-525,2015,133,95,54,79,0,0,0,0,,
CA-526,2015,195,82,103,92,0,91,21,1,,
CA-527,2015,85,10,24,61,0,0,0,0,,
CA-529,2015,61,12,48,13,0,0,0,0,,
CA-600,2015,14179,7205,6855,7299,25,2372,15925,1147,,
CA-601,2015,4605,3802,763,3783,59,158,3196,305,,
CA-602,2015,2037,1233,459,1578,0,1048,2300,118,,
CA-603,2015,719,483,408,311,0,54,648,0,,
CA-604,2015,688,587,458,230,0,92,1574,15,,
CA-606,2015,760,446,258,477,25,121,968,135,,
CA-607,2015,231,144,130,101,0,0,269,0,,
CA-608,2015,1297,1011,720,577,0,120,1018,0,,
CA-609,2015,863,530,395,468,0,228,1087,0,,
CA-611,2015,421,223,129,282,10,91,335,0,,
CA-612,2015,88,80,48,40,0,0,152,0,,
CA-613,2015,181,181,127,54,0,0,0,0,,
CA-614,2015,399,118,344,55,0,35,214,0,,
CA-500,2014,1744,1487,593,1141,10,194,3683,0,,
CA-501,2014,2286,1947,1657,575,54,526,6843,0,,
CA-502,2014,2010,1324,859,1151,0,35,2502,0,,
CA-503,2014,1557,1137,621,936,0,114,2610,0,,
CA-504,2014,975,732,557,418,0,106,804,103,,
CA-505,2014,663,550,388,275,0,96,954,8,,
CA-506,2014,872,651,322,550,0,0,261,0,,
CA-507,2014,479,365,163,316,0,30,491,0,,
CA-508,2014,642,508,353,289,0,65,341,0,,
CA-509,2014,190,113,103,87,0,0,441,0,,
CA-510,2014,609,528,330,279,0,0,391,0,,
CA-511,2014,1543,1389,850,693,0,6,561,20,,
CA-512,2014,858,710,304,554,0,24,663,0,,
CA-513,2014,557,380,235,322,0,15,224,0,,
CA-514,2014,924,509,435,465,24,53,884,0,,
CA-515,2014,408,249,226,182,0,22,208,0,,
CA-516,2014,585,80,192,393,0,0,34,0,,
CA-517,2014,174,137,104,70,0,27,52,0,,
CA-518,2014,548,308,228,320,0,0,131,0,,
CA-519,2014,319,244,208,111,0,0,241,0,,
CA-520,2014,218,86,100,118,0,0,71,0,,
CA-521,2014,306,223,99,207,0,48,82,0,,
CA-522,2014,226,215,44,182,0,0,85,0,,
CA-523,2014,153,56,37,116,0,0,0,0,,
CA-524,2014,342,0,162,180,0,0,0,0,,
CA-525,2014,139,101,52,87,0,0,0,0,,
CA-526,2014,188,84,95,93,0,17,21,0,,
CA-600,2014,11846,7456,4798,7023,25,1663,12846,1903,,
CA-601,2014,4531,3784,524,3948,59,39,2914,382,,
CA-602,2014,2013,1380,414,1599,0,158,2062,89,,
CA-603,2014,726,490,408,318,0,59,510,0,,
CA-604,2014,671,571,436,235,0,104,1215,11,,
CA-606,2014,973,589,328,620,25,75,971,0,,
CA-607,2014,261,190,130,131,0,0,227,0,,
CA-608,2014,1385,1157,665,720,0,0,998,0,,
CA-609,2014,1110,664,415,695,0,0,684,0,,
CA-611,2014,442,229,108,324,10,0,332,0,,
CA-612,2014,142,132,50,92,0,0,96,0,,
CA-613,2014,206,206,135,71,0,0,0,0,,
CA-614,2014,214,114,141,73,0,28,147,0,,
CA-500,2013,,,,,,,,,,
CA-501,2013,,,,,,,,,,
CA-502,2013,,,,,,,,,,
CA-503,2013,,,,,,,,,,
CA-504,2013,,,,,,,,,,
CA-505,2013,,,,,,,,,,
CA-506,2013,,,,,,,,,,
CA-507,2013,,,,,,,,,,
CA-508,2013,,,,,,,,,,
CA-509,2013,,,,,,,,,,
CA-510,2013,,,,,,,,,,
CA-511,2013,,,,,,,,,,
CA-512,2013,,,,,,,,,,
CA-513,2013,,,,,,,,,,
CA-514,2013,,,,,,,,,,
CA-515,2013,,,,,,,,,,
CA-516,2013,,,,,,,,,,
CA-517,2013,,,,,,,,,,
CA-518,2013,,,,,,,,,,
CA-519,2013,,,,,,,,,,
CA-520,2013,,,,,,,,,,
CA-521,2013,,,,,,,,,,
CA-522,2013,,,,,,,,,,
CA-523,2013,,,,,,,,,,
CA-524,2013,,,,,,,,,,
CA-525,2013,,,,,,,,,,
CA-526,2013,,,,,,,,,,
CA-600,2013,,,,,,,,,,
CA-601,2013,,,,,,,,,,
CA-602,2013,,,,,,,,,,
CA-603,2013,,,,,,,,,,
CA-604,2013,,,,,,,,,,
CA-606,2013,,,,,,,,,,
CA-607,2013,,,,,,,,,,
CA-608,2013,,,,,,,,,,
CA-609,2013,,,,,,,,,,
CA-611,2013,,,,,,,,,,
CA-612,2013,,,,,,,,,,
CA-613,2013,,,,,,,,,,
CA-614,2013,,,,,,,,,,
CA-500,2012,1794,1498,,,,,,,,
CA-501,2012,2959,2362,,,,,,,,
CA-502,2012,2263,1503,,,,,,,,
CA-503,2012,1660,1195,,,,,,,,
CA-504,2012,1171,913,,,,,,,,
CA-505,2012,937,603,,,,,,,,
CA-506,2012,922,635,,,,,,,,
CA-507,2012,531,409,,,,,,,,
CA-508,2012,607,497,,,,,,,,
CA-509,2012,152,106,,,,,,,,
CA-510,2012,688,246,,,,,,,,
CA-511,2012,1434,1306,,,,,,,,
CA-512,2012,745,679,,,,,,,,
CA-513,2012,575,304,,,,,,,,
CA-514,2012,1036,617,,,,,,,,
CA-515,2012,505,278,,,,,,,,
CA-516,2012,500,442,,,,,,,,
CA-517,2012,140,100,,,,,,,,
CA-518,2012,514,333,,,,,,,,
CA-519,2012,417,210,,,,,,,,
CA-520,2012,202,117,,,,,,,,
CA-521,2012,292,238,,,,,,,,
CA-522,2012,394,305,,,,,,,,
CA-523,2012,214,82,,,,,,,,
CA-524,2012,342,0,,,,,,,,
CA-525,2012,190,0,,,,,,,,
CA-526,2012,186,83,,,,,,,,
CA-600,2012,12758,7486,,,,,,,,
CA-601,2012,4334,3624,,,,,,,,
CA-602,2012,2377,1467,,,,,,,,
CA-603,2012,788,373,,,,,,,,
CA-604,2012,685,581,,,,,,,,
CA-606,2012,1063,569,,,,,,,,
CA-607,2012,249,187,,,,,,,,
CA-608,2012,1340,1166,,,,,,,,
CA-609,2012,1200,741,,,,,,,,
CA-611,2012,140,19,,,,,,,,
CA-612,2012,142,132,,,,,,,,
CA-613,2012,188,168,,,,,,,,
CA-614,2012,203,63,,,,,,,,
CA-500,2011,1843,1603,,,,,,,,
CA-501,2011,2713,2248,,,,,,,,
CA-502,2011,2214,1515,,,,,,,,
CA-503,2011,1551,1263,,,,,,,,
CA-504,2011,1216,924,,,,,,,,
CA-505,2011,913,592,,,,,,,,
CA-506,2011,933,667,,,,,,,,
CA-507,2011,512,407,,,,,,,,
CA-508,2011,599,480,,,,,,,,
CA-509,2011,177,143,,,,,,,,
CA-510,2011,741,313,,,,,,,,
CA-511,2011,2439,1380,,,,,,,,
CA-512,2011,932,817,,,,,,,,
CA-513,2011,531,357,,,,,,,,
CA-514,2011,1686,573,,,,,,,,
CA-515,2011,551,262,,,,,,,,
CA-516,2011,450,450,,,,,,,,
CA-517,2011,182,133,,,,,,,,
CA-518,2011,382,222,,,,,,,,
CA-519,2011,390,210,,,,,,,,
CA-520,2011,227,190,,,,,,,,
CA-521,2011,262,182,,,,,,,,
CA-522,2011,399,297,,,,,,,,
CA-523,2011,316,153,,,,,,,,
CA-524,2011,368,0,,,,,,,,
CA-525,2011,174,0,,,,,,,,
CA-526,2011,175,85,,,,,,,,
CA-600,2011,13469,6453,,,,,,,,
CA-601,2011,3982,3330,,,,,,,,
CA-602,2011,2614,1734,,,,,,,,
CA-603,2011,1044,587,,,,,,,,
CA-604,2011,716,483,,,,,,,,
CA-606,2011,1031,569,,,,,,,,
CA-607,2011,270,234,,,,,,,,
CA-608,2011,1420,1092,,,,,,,,
CA-609,2011,1128,536,,,,,,,,
CA-611,2011,234,66,,,,,,,,
CA-612,2011,148,138,,,,,,,,
CA-613,2011,183,163,,,,,,,,
CA-614,2011,204,31,,,,,,,,
CA-500,2010,1793,1569,,,,,,,,
CA-501,2010,2561,2192,,,,,,,,
CA-502,2010,2390,1081,,,,,,,,
CA-503,2010,1727,1463,,,,,,,,
CA-504,2010,1198,925,,,,,,,,
CA-505,2010,911,575,,,,,,,,
CA-506,2010,1049,768,,,,,,,,
CA-507,2010,566,403,,,,,,,,
CA-508,2010,617,480,,,,,,,,
CA-509,2010,209,147,,,,,,,,
CA-510,2010,948,456,,,,,,,,
CA-511,2010,3108,1268,,,,,,,,
CA-512,2010,790,655,,,,,,,,
CA-513,2010,639,451,,,,,,,,
CA-514,2010,1605,738,,,,,,,,
CA-515,2010,621,248,,,,,,,,
CA-516,2010,445,445,,,,,,,,
CA-517,2010,214,170,,,,,,,,
CA-518,2010,322,132,,,,,,,,
CA-519,2010,385,216,,,,,,,,
CA-520,2010,263,150,,,,,,,,
CA-521,2010,257,178,,,,,,,,
CA-522,2010,323,243,,,,,,,,
CA-523,2010,97,52,,,,,,,,
CA-524,2010,324,0,,,,,,,,
CA-525,2010,161,0,,,,,,,,
CA-526,2010,162,91,,,,,,,,
CA-600,2010,13570,4850,,,,,,,,
CA-601,2010,2366,2046,,,,,,,,
CA-602,2010,2529,1761,,,,,,,,
CA-603,2010,1041,545,,,,,,,,
CA-604,2010,705,483,,,,,,,,
CA-606,2010,958,343,,,,,,,,
CA-607,2010,287,251,,,,,,,,
CA-608,2010,1496,1268,,,,,,,,
CA-609,2010,866,483,,,,,,,,
CA-611,2010,355,69,,,,,,,,
CA-612,2010,148,138,,,,,,,,
CA-613,2010,206,186,,,,,,,,
CA-614,2010,231,18,,,,,,,,
CA-500,2009,1914,1669,,,,,,,,
CA-501,2009,2648,2105,,,,,,,,
CA-502,2009,2368,1107,,,,,,,,
CA-503,2009,1612,1315,,,,,,,,
CA-504,2009,1126,874,,,,,,,,
CA-505,2009,910,575,,,,,,,,
CA-506,2009,1051,792,,,,,,,,
CA-507,2009,556,415,,,,,,,,
CA-508,2009,614,524,,,,,,,,
CA-509,2009,246,175,,,,,,,,
CA-510,2009,842,390,,,,,,,,
CA-511,2009,3108,1268,,,,,,,,
CA-512,2009,925,775,,,,,,,,
CA-513,2009,600,395,,,,,,,,
CA-514,2009,1431,619,,,,,,,,
CA-515,2009,495,50,,,,,,,,
CA-516,2009,455,455,,,,,,,,
CA-517,2009,218,186,,,,,,,,
CA-518,2009,403,163,,,,,,,,
CA-519,2009,389,210,,,,,,,,
CA-520,2009,263,150,,,,,,,,
CA-521,2009,259,182,,,,,,,,
CA-522,2009,330,250,,,,,,,,
CA-523,2009,97,58,,,,,,,,
CA-525,2009,135,0,,,,,,,,
CA-526,2009,187,177,,,,,,,,
CA-527,2009,145,0,,,,,,,,
CA-600,2009,15082,4786,,,,,,,,
CA-601,2009,2345,2030,,,,,,,,
CA-602,2009,2713,2033,,,,,,,,
CA-603,2009,1041,545,,,,,,,,
CA-604,2009,767,473,,,,,,,,
CA-606,2009,1646,539,,,,,,,,
CA-607,2009,287,251,,,,,,,,
CA-608,2009,1495,1267,,,,,,,,
CA-609,2009,843,564,,,,,,,,
CA-611,2009,265,74,,,,,,,,
CA-612,2009,144,88,,,,,,,,
CA-613,2009,206,186,,,,,,,,
CA-614,2009,277,93,,,,,,,,
CA-500,2008,1901,1654,,,,,,,,
CA-501,2008,2339,1917,,,,,,,,
CA-502,2008,2463,1134,,,,,,,,
CA-503,2008,1571,1280,,,,,,,,
CA-504,2008,1106,850,,,,,,,,
CA-505,2008,965,615,,,,,,,,
CA-506,2008,1013,733,,,,,,,,
CA-507,2008,552,539,,,,,,,,
CA-508,2008,578,496,,,,,,,,
CA-509,2008,234,199,,,,,,,,
CA-510,2008,821,362,,,,,,,,
CA-511,2008,2362,766,,,,,,,,
CA-512,2008,931,775,,,,,,,,
CA-513,2008,601,336,,,,,,,,
CA-514,2008,2105,373,,,,,,,,
CA-515,2008,459,50,,,,,,,,
CA-516,2008,337,337,,,,,,,,
CA-517,2008,218,186,,,,,,,,
CA-518,2008,436,206,,,,,,,,
CA-519,2008,462,210,,,,,,,,
CA-520,2008,202,51,,,,,,,,
CA-521,2008,294,223,,,,,,,,
CA-522,2008,278,156,,,,,,,,
CA-523,2008,68,40,,,,,,,,
CA-524,2008,488,0,,,,,,,,
CA-525,2008,134,0,,,,,,,,
CA-526,2008,285,235,,,,,,,,
CA-600,2008,13565,2157,,,,,,,,
CA-601,2008,2359,2116,,,,,,,,
CA-602,2008,4056,1520,,,,,,,,
CA-603,2008,995,489,,,,,,,,
CA-604,2008,855,646,,,,,,,,
CA-606,2008,1657,478,,,,,,,,
CA-607,2008,287,224,,,,,,,,
CA-608,2008,1449,1246,,,,,,,,
CA-609,2008,829,539,,,,,,,,
CA-611,2008,257,66,,,,,,,,
CA-612,2008,153,88,,,,,,,,
CA-613,2008,206,186,,,,,,,,
CA-614,2008,281,0,,,,,,,,
CA-500,2007,,,,,,,,,,
CA-501,2007,,,,,,,,,,
CA-502,2007,,,,,,,,,,
CA-503,2007,,,,,,,,,,
CA-504,2007,,,,,,,,,,
CA-505,2007,,,,,,,,,,
CA-506,2007,,,,,,,,,,
CA-507,2007,,,,,,,,,,
CA-508,2007,,,,,,,,,,
CA-509,2007,,,,,,,,,,
CA-510,2007,,,,,,,,,,
CA-511,2007,,,,,,,,,,
CA-512,2007,,,,,,,,,,
CA-513,2007,,,,,,,,,,
CA-514,2007,,,,,,,,,,
CA-515,2007,,,,,,,,,,
CA-516,2007,,,,,,,,,,
CA-517,2007,,,,,,,,,,
CA-518,2007,,,,,,,,,,
CA-519,2007,,,,,,,,,,
CA-520,2007,,,,,,,,,,
CA-521,2007,,,,,,,,,,
CA-522,2007,,,,,,,,,,
CA-523,2007,,,,,,,,,,
CA-524,2007,,,,,,,,,,
CA-525,2007,,,,,,,,,,
CA-526,2007,,,,,,,,,,
CA-600,2007,,,,,,,,,,
CA-601,2007,,,,,,,,,,
CA-602,2007,,,,,,,,,,
CA-603,2007,,,,,,,,,,
CA-604,2007,,,,,,,,,,
CA-606,2007,,,,,,,,,,
CA-607,2007,,,,,,,,,,
CA-608,2007,,,,,,,,,,
CA-609,2007,,,,,,,,,,
CA-611,2007,,,,,,,,,,
CA-612,2007,,,,,,,,,,
CA-613,2007,,,,,,,,,,
CA-614,2007,,,,,,,,,,
