coc_number,coc_name,population,pop_density_sqmi,median_hh_income,median_gross_rent,median_home_value,poverty_rate,renter_share,rent_burdened_share,vacancy_rate,white_nh_share,black_nh_share,hispanic_share,age65_share,uninsured_health_share,insurer_nonrenewal_rate,insurer_nonrenewal_change,policies_per_year,fire_acres_total,fire_acres_peak_year,fire_years,structures_destroyed_total
CA-500,San Jose/Santa Clara City & County CoC,1903297,1474.2,164578,2875,1369646,0.0686,0.447,0.4458,0.0572,0.2822,0.0226,0.2509,0.1439,0.0398,0.0141,8e-05,392796,218340,175536,9,175
CA-501,San Francisco CoC,831809,17949.0,148343,2552,1433127,0.1042,0.6135,0.3784,0.1189,0.377,0.0454,0.1591,0.1722,0.0342,0.01285,-0.00238,127778,0,0,0,0
CA-502,"Oakland, Berkeley/Alameda County CoC",1651949,2240.1,137166,2514,1053671,0.0922,0.4593,0.4983,0.0596,0.2824,0.0963,0.2332,0.1494,0.0408,0.01507,0.00048,343458,37191,23981,6,39
CA-503,Sacramento City & County CoC,1584047,1641.1,94411,1830,503874,0.1262,0.4137,0.5534,0.0428,0.4153,0.0913,0.2397,0.1493,0.0515,0.02031,-0.00401,401215,6132,5062,2,3
CA-504,"Santa Rosa, Petaluma/Sonoma County CoC",485642,308.2,107213,2177,781637,0.0857,0.378,0.5436,0.0767,0.5914,0.0145,0.2944,0.2096,0.0541,0.0175,-0.00164,144126,269623,86531,9,8014
CA-505,Richmond/Contra Costa County CoC,1151250,1619.4,137496,2537,910117,0.082,0.3231,0.5488,0.0348,0.3955,0.0811,0.2707,0.1675,0.0478,0.01639,0.00305,310191,6103,3108,2,2
CA-506,"Salinas/Monterey, San Benito Counties CoC",501890,107.5,98338,2007,747456,0.1193,0.4571,0.554,0.0807,0.2795,0.0186,0.6108,0.1437,0.0945,0.01909,-0.00247,103289,646277,260118,15,200
CA-507,Marin County CoC,258765,497.2,153636,2819,1389180,0.0783,0.3612,0.55,0.0774,0.6657,0.0214,0.1899,0.2326,0.0378,0.01963,-0.00392,70387,4902,4902,1,0
CA-508,Watsonville/Santa Cruz City & County CoC,266021,597.7,112505,2253,967752,0.1122,0.4002,0.5133,0.0915,0.546,0.0075,0.35,0.1834,0.0531,0.0209,0.00583,72248,75447,63696,5,1436
CA-509,Mendocino County CoC,90709,25.9,68262,1318,496763,0.1516,0.3913,0.5625,0.1669,0.6212,0.0083,0.2694,0.2406,0.0815,0.03138,-0.00774,25073,374933,192813,8,691
CA-510,"Turlock, Modesto/Stanislaus County CoC",552250,369.1,82173,1586,430259,0.1315,0.39,0.5233,0.0422,0.3752,0.0265,0.4921,0.1356,0.0603,0.02121,-0.00376,134703,273234,172280,8,25
CA-511,Stockton/San Joaquin County CoC,787416,565.5,95996,1850,501305,0.1256,0.3847,0.5269,0.0602,0.2794,0.0668,0.4223,0.1327,0.0644,0.02325,-0.00522,174331,59869,23873,9,30
CA-512,Daly/San Mateo County CoC,738680,1650.3,164729,2940,1465942,0.0652,0.4079,0.4865,0.0739,0.3557,0.0207,0.2494,0.1734,0.0394,0.01246,-0.00118,165880,22856,22856,1,60
CA-513,"Visalia/Kings, Tulare Counties CoC",628604,101.1,70552,1274,300599,0.1753,0.4228,0.4974,0.0676,0.269,0.0243,0.6397,0.1147,0.0798,0.02793,-0.00365,138139,914108,195830,24,255
CA-514,Fresno City & County/Madera County CoC,1170942,144.6,76412,1465,346439,0.1883,0.4336,0.55,0.0655,0.2752,0.0392,0.5496,0.1294,0.071,0.0228,-0.00063,244364,834171,409505,19,948
CA-515,Rocklin/Roseville/Placer County CoC,412435,293.1,124531,2119,674595,0.0671,0.2572,0.5649,0.1181,0.6727,0.0159,0.1538,0.2018,0.0338,0.02709,0.01654,145876,177882,63376,10,101
CA-516,"Redding/Shasta, Siskiyou, Lassen, Plumas, Del Norte, Modoc, Sierra Counties CoC",307574,13.3,71655,1245,321383,0.1348,0.3163,0.5084,0.1805,0.7396,0.0182,0.1337,0.2241,0.0655,0.03061,0.00253,102948,5823430,1431954,25,4985
CA-517,Napa City & County CoC,136070,181.8,112255,2280,860084,0.0843,0.356,0.5304,0.1068,0.4941,0.0179,0.3586,0.2059,0.0571,0.01751,-0.00267,47069,359181,206315,9,2478
CA-518,Vallejo/Solano County CoC,450824,548.6,106042,2245,585416,0.0969,0.3677,0.5689,0.0468,0.3433,0.126,0.2898,0.1692,0.0485,0.01439,-0.002,112920,63820,43426,6,727
CA-519,"Chico, Paradise/Butte County CoC",209470,128.0,73825,1401,415566,0.1834,0.4172,0.5804,0.0969,0.6661,0.0169,0.1949,0.1817,0.0635,0.03234,0.01022,53433,513277,153028,13,21866
CA-520,Merced City & County CoC,285597,147.4,69152,1363,374030,0.184,0.467,0.4989,0.0559,0.2426,0.0272,0.6266,0.1158,0.0895,0.02063,-0.00543,59433,23289,5814,10,0
CA-521,"Davis, Woodland/Yolo County CoC",217782,214.6,93794,1825,603096,0.1626,0.4644,0.5628,0.0601,0.4303,0.0246,0.3322,0.1328,0.0464,0.01603,-0.00298,48814,182494,75982,12,49
CA-522,Humboldt County CoC,135418,38.0,63478,1355,426791,0.1891,0.4373,0.5996,0.1237,0.7024,0.0112,0.1384,0.1926,0.0578,0.02069,-0.00125,39958,216564,53363,13,7
CA-523,"Colusa, Glenn, Trinity Counties CoC",66404,11.8,68956,1109,360971,0.132,0.3484,0.4495,0.1706,0.5027,0.0093,0.4097,0.1933,0.0979,0.0277,-0.00466,16053,1825347,618156,21,232
CA-524,Yuba City & County/Sutter County CoC,182050,147.4,78710,1421,378076,0.1502,0.3892,0.5299,0.0535,0.4597,0.0247,0.3128,0.1473,0.0637,0.02597,-0.00335,44459,20330,12166,6,298
CA-525,El Dorado County CoC,192299,112.6,115702,1926,651081,0.0826,0.2361,0.5545,0.1967,0.7413,0.0079,0.1416,0.2278,0.04,0.04407,0.03734,70971,330544,219802,12,1060
CA-526,"Amador, Calaveras, Mariposa, Tuolumne Counties CoC",158957,30.1,77407,1485,422280,0.1113,0.2146,0.5503,0.2677,0.7674,0.0151,0.1406,0.2805,0.0576,0.05378,0.03371,58431,835637,258959,25,1327
CA-527,Tehama County CoC,65520,22.2,66840,1236,309674,0.1542,0.3242,0.5267,0.1067,0.6292,0.0083,0.2817,0.1996,0.0638,0.02919,-0.00428,30937,896334,376225,12,410
CA-529,Lake County CoC,68139,54.2,64506,1419,315350,0.1668,0.2907,0.5544,0.2307,0.6525,0.0193,0.2375,0.2364,0.0638,0.0372,-0.00706,24843,589932,336378,16,2905
CA-530,"Alpine, Inyo, Mono Counties CoC",33667,2.4,83003,1438,440154,0.108,0.3161,0.3547,0.437,0.6154,0.0037,0.2445,0.2117,0.0877,0.03336,0.0139,17462,421290,71951,24,87
CA-531,Nevada County CoC,102452,107.0,90626,1843,610989,0.1059,0.2556,0.5833,0.2243,0.8169,0.003,0.1047,0.2888,0.0524,0.05507,0.04027,28586,22576,14120,5,165
CA-600,Los Angeles City & County CoC,9041524,2287.4,94027,2051,840641,0.136,0.5333,0.5745,0.0644,0.2411,0.0748,0.4937,0.1466,0.0876,0.02167,0.00213,1574914,903421,163070,23,1977
CA-601,San Diego City and County CoC,3281893,779.6,110084,2350,822557,0.1035,0.4549,0.5741,0.0644,0.4317,0.0444,0.3434,0.1504,0.0677,0.02443,0.00635,682550,992184,399852,19,354
CA-602,"Santa Ana, Anaheim/Orange County CoC",3164063,3990.8,119514,2500,916591,0.0949,0.4355,0.5625,0.0561,0.3765,0.0152,0.3415,0.1577,0.068,0.01896,0.00271,610524,121324,30048,9,187
CA-603,Santa Maria/Santa Barbara County CoC,443975,162.4,101389,2217,882491,0.1377,0.4713,0.5677,0.0676,0.4152,0.0154,0.4762,0.1621,0.0921,0.02226,0.00569,102857,594034,224132,17,143
CA-604,Bakersfield/Kern County CoC,910433,111.9,73856,1417,297390,0.1905,0.4019,0.5569,0.0758,0.3065,0.0483,0.5574,0.116,0.0785,0.03073,0.00193,207352,447554,97838,21,701
CA-606,Long Beach CoC,458319,8784.6,87380,1925,702393,0.1498,0.5782,0.5656,0.0553,0.2589,0.1158,0.4432,0.1317,0.0908,0.01407,-0.00171,84421,0,0,0,0
CA-607,Pasadena CoC,136344,6122.3,109794,2274,1002947,0.1322,0.5802,0.5064,0.0918,0.3512,0.0747,0.3402,0.1703,0.0645,0.01781,-0.00408,30825,677,677,1,0
CA-608,Riverside City & County CoC,2449909,339.8,96595,2074,510149,0.1106,0.3114,0.5864,0.1137,0.3202,0.0612,0.506,0.1515,0.0804,0.03151,0.00716,605666,327948,54778,23,353
CA-609,San Bernardino City & County CoC,2187816,109.0,88182,1858,477156,0.1357,0.3846,0.5812,0.0955,0.2563,0.0762,0.5456,0.123,0.0846,0.03184,0.00965,504349,706502,146247,22,23
CA-611,"Oxnard, San Buenaventura/Ventura County CoC",838259,455.4,113077,2403,762714,0.0902,0.3584,0.5934,0.0564,0.4287,0.0167,0.4384,0.1686,0.0794,0.02044,0.00836,192904,775565,238033,17,1470
CA-612,Glendale CoC,192270,6306.4,90302,2291,910134,0.1344,0.6474,0.6346,0.0672,0.6231,0.0154,0.1847,0.1892,0.0672,0.02178,0.00442,32441,1291,884,2,0
CA-613,Imperial County CoC,179319,42.9,64769,1114,263549,0.1964,0.4322,0.524,0.1507,0.0942,0.0219,0.8558,0.1345,0.0679,0.02976,0.0042,31850,0,0,0,0
CA-614,San Luis Obispo County CoC,281486,85.3,93942,1969,793397,0.1285,0.381,0.5719,0.1279,0.6543,0.011,0.2451,0.2157,0.058,0.01885,0.0011,85831,93122,47648,13,93
