coc_number,year,fire_count,acres_burned
CA-500,2002,0.99,2977.7
CA-500,2003,1.31,6632.7
CA-500,2004,1.0,1224.9
CA-500,2006,0.06,1934.7
CA-500,2007,0.49,23634.3
CA-500,2008,0.06,249.9
CA-500,2009,1.0,1688.6
CA-500,2016,1.0,4461.0
CA-500,2020,1.43,175535.8
CA-502,2002,0.18,186.9
CA-502,2003,0.69,3764.1
CA-502,2005,0.61,3957.3
CA-502,2006,0.44,2444.6
CA-502,2015,0.96,2857.3
CA-502,2020,0.06,23981.2
CA-503,2017,0.84,1070.3
CA-503,2020,1.0,5062.2
CA-504,2002,0.04,39.9
CA-504,2004,0.95,11641.4
CA-504,2013,1.0,3506.4
CA-504,2015,0.05,3740.1
CA-504,2016,1.0,1546.7
CA-504,2017,3.51,86531.2
CA-504,2019,0.99,77207.9
CA-504,2020,2.39,84202.6
CA-504,2024,1.0,1207.0
CA-505,2013,1.0,3107.7
CA-505,2020,0.01,2995.1
CA-506,2000,3.95,9569.6
CA-506,2005,1.0,1383.1
CA-506,2006,1.0,14509.4
CA-506,2007,0.01,58.8
CA-506,2008,4.0,260118.2
CA-506,2009,2.0,8692.8
CA-506,2012,0.92,2328.7
CA-506,2015,1.0,1075.5
CA-506,2016,4.09,145793.7
CA-506,2017,0.59,4689.7
CA-506,2018,2.0,3535.8
CA-506,2019,1.0,2520.9
CA-506,2020,4.07,185435.1
CA-506,2021,2.0,3995.8
CA-506,2024,2.01,2569.4
CA-506,2025,0.0,20.9
CA-507,2020,1.0,4901.7
CA-508,2002,0.01,29.8
CA-508,2008,0.94,3924.6
CA-508,2009,1.0,7783.1
CA-508,2016,0.0,13.2
CA-508,2020,0.74,63696.2
CA-509,2002,0.96,984.2
CA-509,2006,1.81,14114.4
CA-509,2008,15.53,50775.8
CA-509,2012,1.01,41839.3
CA-509,2014,1.0,12533.2
CA-509,2017,1.0,36523.0
CA-509,2018,0.25,25350.3
CA-509,2020,1.19,192812.7
CA-510,2003,2.95,31173.8
CA-510,2004,1.0,1459.0
CA-510,2006,1.94,34875.8
CA-510,2007,0.51,24114.0
CA-510,2011,1.0,1122.5
CA-510,2018,0.51,5975.8
CA-510,2019,1.0,2233.9
CA-510,2020,0.43,172279.6
CA-510,2025,1.0,3455.7
CA-511,2002,0.82,841.7
CA-511,2003,0.11,886.0
CA-511,2005,0.39,2483.0
CA-511,2006,0.56,3095.7
CA-511,2009,2.0,14231.4
CA-511,2015,0.04,132.7
CA-511,2018,0.01,159.3
CA-511,2020,0.06,23872.6
CA-511,2024,1.0,14166.8
CA-512,2020,0.26,22856.2
CA-513,2000,1.0,79223.4
CA-513,2002,2.0,150635.1
CA-513,2003,7.0,24028.5
CA-513,2004,2.0,4707.6
CA-513,2005,2.0,4086.8
CA-513,2006,4.0,11605.9
CA-513,2007,3.37,9435.8
CA-513,2008,2.59,14934.5
CA-513,2009,3.0,5307.9
CA-513,2010,0.79,13012.5
CA-513,2011,2.76,22662.3
CA-513,2012,1.08,1908.9
CA-513,2013,1.0,2049.5
CA-513,2014,1.0,1423.2
CA-513,2015,1.01,8082.6
CA-513,2016,5.51,27472.7
CA-513,2017,6.04,93579.9
CA-513,2018,3.0,7702.5
CA-513,2019,1.0,1876.0
CA-513,2020,3.93,181350.3
CA-513,2021,4.0,195829.9
CA-513,2022,1.0,1394.4
CA-513,2023,1.85,4667.0
CA-513,2024,3.0,47130.4
CA-513,2025,0.92,1799.2
CA-514,2001,3.17,11739.5
CA-514,2002,1.0,1497.8
CA-514,2004,1.0,1144.8
CA-514,2005,3.78,17030.6
CA-514,2006,3.0,13004.1
CA-514,2007,0.62,3517.5
CA-514,2008,3.0,15415.6
CA-514,2010,1.0,9021.5
CA-514,2013,1.0,22937.5
CA-514,2014,1.0,13831.6
CA-514,2015,1.99,156161.7
CA-514,2016,4.0,13955.6
CA-514,2017,6.46,63006.0
CA-514,2018,1.55,14424.1
CA-514,2020,2.99,409504.7
CA-514,2021,0.88,8511.6
CA-514,2022,0.58,3159.4
CA-514,2023,0.15,439.5
CA-514,2024,4.99,55867.7
CA-514,2025,2.02,85536.8
CA-515,2001,3.98,23119.6
CA-515,2006,1.0,8418.5
CA-515,2008,3.0,21399.7
CA-515,2012,1.0,2635.2
CA-515,2013,1.0,27430.5
CA-515,2014,0.3,29345.9
CA-515,2016,0.02,120.8
CA-515,2018,1.0,1119.8
CA-515,2021,0.35,915.7
CA-515,2022,0.83,63376.5
CA-516,2000,3.99,59692.2
CA-516,2001,8.0,60255.2
CA-516,2002,7.0,516835.7
CA-516,2003,7.0,27528.2
CA-516,2004,5.0,32048.2
CA-516,2005,3.71,8305.9
CA-516,2006,12.6,68644.0
CA-516,2007,8.0,114278.4
CA-516,2008,25.49,376629.4
CA-516,2009,9.01,36096.6
CA-516,2010,3.0,11898.3
CA-516,2011,4.0,6477.2
CA-516,2012,11.4,609734.9
CA-516,2013,4.0,50627.4
CA-516,2014,12.0,343973.3
CA-516,2015,5.83,50508.6
CA-516,2016,4.0,40955.1
CA-516,2017,18.0,429676.0
CA-516,2018,10.79,449863.0
CA-516,2019,7.0,83204.7
CA-516,2020,15.69,723050.0
CA-516,2021,8.58,1431954.5
CA-516,2022,5.0,91208.9
CA-516,2023,10.46,165489.8
CA-516,2024,6.15,34494.6
CA-516,2025,6.0,59424.5
CA-517,2000,1.0,4859.9
CA-517,2004,0.84,32646.2
CA-517,2008,0.18,756.1
CA-517,2014,0.91,3921.0
CA-517,2015,0.2,5338.6
CA-517,2016,0.03,187.8
CA-517,2017,1.37,70091.6
CA-517,2018,1.36,35065.1
CA-517,2020,1.15,206315.0
CA-517,2025,1.0,6822.3
CA-518,2004,1.0,1006.9
CA-518,2008,0.82,3345.9
CA-518,2015,0.92,7405.3
CA-518,2016,0.0,0.0
CA-518,2017,0.13,6477.4
CA-518,2018,1.0,2158.4
CA-518,2020,1.14,43426.3
CA-519,2000,1.01,2131.1
CA-519,2001,2.0,9747.6
CA-519,2002,1.0,2141.5
CA-519,2004,1.0,1954.7
CA-519,2007,1.0,1057.2
CA-519,2008,5.97,82760.7
CA-519,2013,1.0,2462.2
CA-519,2015,1.0,1045.8
CA-519,2017,3.25,22434.9
CA-519,2018,1.0,153028.2
CA-519,2020,0.48,152189.9
CA-519,2021,0.03,24101.0
CA-519,2024,2.12,58221.8
CA-520,2000,1.0,1706.8
CA-520,2001,1.0,1796.6
CA-520,2003,2.0,2628.1
CA-520,2005,0.22,1105.4
CA-520,2010,1.0,1600.1
CA-520,2015,1.0,1729.0
CA-520,2016,1.0,1246.3
CA-520,2017,1.0,1730.5
CA-520,2018,1.14,3933.1
CA-520,2020,1.01,5813.5
CA-521,2002,1.0,1513.8
CA-521,2003,0.99,1047.9
CA-521,2004,0.16,6116.6
CA-521,2006,1.0,13968.9
CA-521,2012,0.01,246.6
CA-521,2014,1.0,6599.4
CA-521,2015,0.28,9693.6
CA-521,2016,0.97,5542.3
CA-521,2017,1.0,2366.2
CA-521,2018,0.64,57254.2
CA-521,2019,0.89,2162.0
CA-521,2020,0.25,75982.5
CA-522,2003,1.99,22762.6
CA-522,2004,0.5,2007.3
CA-522,2006,0.42,6573.5
CA-522,2008,1.6,10129.9
CA-522,2009,1.35,4635.0
CA-522,2013,0.94,11783.8
CA-522,2015,6.42,36017.9
CA-522,2018,1.0,3676.7
CA-522,2020,0.37,53363.2
CA-522,2021,1.0,2421.2
CA-522,2022,1.65,31156.1
CA-522,2023,3.54,13849.8
CA-522,2024,1.85,18187.2
CA-522,2025,0.0,1.0
CA-523,2000,2.0,2120.3
CA-523,2001,2.74,21251.8
CA-523,2003,2.49,10514.5
CA-523,2004,0.5,2046.3
CA-523,2006,3.17,104581.9
CA-523,2007,1.0,1438.4
CA-523,2008,18.38,231583.0
CA-523,2009,2.66,5634.6
CA-523,2011,1.0,1457.1
CA-523,2012,5.77,61752.6
CA-523,2013,0.06,802.2
CA-523,2014,1.0,6256.9
CA-523,2015,13.9,192822.9
CA-523,2017,4.99,39785.8
CA-523,2018,2.49,145883.1
CA-523,2019,1.11,1599.6
CA-523,2020,0.92,618155.9
CA-523,2021,1.65,341528.6
CA-523,2022,0.35,10441.6
CA-523,2023,1.0,4198.2
CA-523,2024,1.86,21492.1
CA-524,2008,1.0,1355.4
CA-524,2009,0.78,2973.1
CA-524,2010,1.0,1289.1
CA-524,2017,0.75,12165.9
CA-524,2018,1.0,1237.6
CA-524,2020,1.0,1309.1
CA-525,2002,1.0,1762.2
CA-525,2004,1.0,7557.6
CA-525,2006,0.0,2.5
CA-525,2007,1.0,3069.8
CA-525,2014,1.6,72169.5
CA-525,2016,0.98,5523.9
CA-525,2017,0.16,197.3
CA-525,2019,1.0,3441.8
CA-525,2020,1.0,1668.4
CA-525,2021,0.99,219801.7
CA-525,2022,0.17,13394.4
CA-525,2024,1.0,1955.3
CA-526,2000,2.0,10797.7
CA-526,2001,4.83,38221.0
CA-526,2002,1.0,1875.4
CA-526,2003,7.93,17282.9
CA-526,2004,7.0,32938.3
CA-526,2005,1.0,1057.3
CA-526,2006,2.0,8027.0
CA-526,2007,1.0,1106.2
CA-526,2008,5.0,42754.6
CA-526,2009,5.0,19668.4
CA-526,2010,1.0,1710.7
CA-526,2011,3.0,7312.6
CA-526,2012,3.0,4504.1
CA-526,2013,3.0,258959.0
CA-526,2014,3.1,11005.6
CA-526,2015,1.0,70846.5
CA-526,2016,1.0,996.0
CA-526,2017,3.86,98955.7
CA-526,2018,2.43,127265.6
CA-526,2019,1.0,5508.3
CA-526,2020,5.0,14828.7
CA-526,2021,1.12,4662.9
CA-526,2022,4.42,36422.6
CA-526,2023,2.0,9826.0
CA-526,2024,2.0,9103.9
CA-526,2025,3.98,13662.0
CA-527,2000,1.0,8284.0
CA-527,2005,1.29,3408.7
CA-527,2006,1.0,1246.9
CA-527,2008,9.12,92237.9
CA-527,2012,1.6,18210.0
CA-527,2013,2.0,18324.9
CA-527,2017,0.01,101.0
CA-527,2018,3.0,10009.3
CA-527,2019,3.0,16690.2
CA-527,2020,0.3,237163.6
CA-527,2021,0.75,114432.3
CA-527,2024,0.88,376225.0
CA-529,2000,3.0,8635.0
CA-529,2001,0.26,6557.4
CA-529,2003,1.52,5547.8
CA-529,2004,0.05,603.0
CA-529,2005,1.0,1719.8
CA-529,2008,1.91,7592.1
CA-529,2009,0.99,1552.3
CA-529,2012,2.21,8429.9
CA-529,2014,0.09,378.6
CA-529,2015,2.4,142004.3
CA-529,2016,1.0,3928.0
CA-529,2017,1.0,2206.2
CA-529,2018,2.48,336377.6
CA-529,2019,0.01,554.2
CA-529,2020,0.11,63450.0
CA-529,2024,0.14,395.6
CA-530,2000,2.0,6435.4
CA-530,2001,2.0,8304.4
CA-530,2002,3.0,35666.4
CA-530,2003,2.0,6796.6
CA-530,2004,2.0,12066.9
CA-530,2005,2.8,14027.0
CA-530,2006,4.0,22502.1
CA-530,2007,5.0,38235.2
CA-530,2008,0.41,5930.3
CA-530,2009,1.0,2811.1
CA-530,2010,1.0,1204.5
CA-530,2011,2.0,6845.4
CA-530,2012,2.0,13710.6
CA-530,2013,1.0,14267.0
CA-530,2015,3.0,28132.9
CA-530,2016,2.0,8274.8
CA-530,2017,1.82,12551.8
CA-530,2018,4.36,26303.2
CA-530,2019,2.0,16882.3
CA-530,2020,4.0,59942.3
CA-530,2021,3.0,71951.1
CA-530,2022,1.0,4140.1
CA-530,2023,0.08,85.0
CA-530,2024,1.0,4223.5
CA-530,2025,2.0,3579.5
CA-531,2001,1.01,14120.1
CA-531,2008,2.0,3582.2
CA-531,2009,0.22,855.5
CA-531,2015,1.0,2315.6
CA-531,2021,0.65,1703.1
CA-600,2001,2.0,8190.5
CA-600,2002,8.0,90864.9
CA-600,2003,2.32,35301.3
CA-600,2004,4.0,35332.4
CA-600,2005,1.49,5848.7
CA-600,2006,1.81,17388.4
CA-600,2007,7.47,86395.7
CA-600,2008,2.94,30760.2
CA-600,2009,2.0,163069.6
CA-600,2010,1.0,12582.3
CA-600,2012,1.0,4192.3
CA-600,2013,1.0,30267.7
CA-600,2014,1.0,1951.9
CA-600,2015,1.0,1461.8
CA-600,2016,3.0,46775.2
CA-600,2017,3.0,28712.6
CA-600,2018,2.64,61616.4
CA-600,2019,2.0,13381.1
CA-600,2020,4.11,152891.8
CA-600,2021,1.0,1202.6
CA-600,2022,1.0,5227.9
CA-600,2023,1.0,1531.3
CA-600,2024,2.71,68474.1
CA-600,2025,3.89,52071.8
CA-601,2000,1.62,8591.1
CA-601,2001,2.0,11847.2
CA-601,2002,5.0,71950.3
CA-601,2003,5.98,399852.5
CA-601,2004,1.0,8762.3
CA-601,2005,1.0,3862.9
CA-601,2006,1.0,16677.6
CA-601,2007,6.0,335287.2
CA-601,2011,2.0,16127.0
CA-601,2012,5.0,32180.0
CA-601,2013,4.0,13365.3
CA-601,2014,5.0,25334.8
CA-601,2016,2.0,8850.5
CA-601,2017,2.0,5993.5
CA-601,2018,1.0,1237.7
CA-601,2020,2.0,19441.7
CA-601,2021,1.96,6736.4
CA-601,2022,1.0,4456.3
CA-601,2024,1.01,1629.2
CA-601,2025,2.0,7681.0
CA-602,2002,1.94,3588.2
CA-602,2005,0.89,962.4
CA-602,2006,0.99,10504.9
CA-602,2007,2.0,30048.1
CA-602,2008,0.52,15653.3
CA-602,2017,1.23,9806.1
CA-602,2018,0.33,7550.9
CA-602,2020,2.2,21835.0
CA-602,2024,0.91,21375.0
CA-603,2000,1.0,9329.9
CA-603,2002,1.0,7503.2
CA-603,2004,2.0,8310.3
CA-603,2006,2.0,19244.5
CA-603,2007,0.93,224131.5
CA-603,2008,2.0,11491.1
CA-603,2009,2.0,106549.3
CA-603,2010,1.0,1219.5
CA-603,2013,1.0,1912.0
CA-603,2016,3.0,52759.8
CA-603,2017,1.95,84946.7
CA-603,2018,0.04,38.4
CA-603,2019,1.0,2597.3
CA-603,2020,0.98,1293.4
CA-603,2021,1.0,16952.4
CA-603,2023,1.0,5761.5
CA-603,2024,2.0,39993.4
CA-603,2025,0.36,47862.5
CA-604,2000,2.0,6160.5
CA-604,2002,1.0,3417.9
CA-604,2003,3.0,4252.1
CA-604,2005,2.68,4674.6
CA-604,2006,5.27,12603.6
CA-604,2007,3.0,15211.4
CA-604,2008,1.0,37346.3
CA-604,2010,4.21,17223.1
CA-604,2011,14.03,97838.2
CA-604,2012,3.0,14895.3
CA-604,2013,0.37,1614.5
CA-604,2014,3.0,8107.8
CA-604,2016,2.49,63956.2
CA-604,2017,4.08,5894.1
CA-604,2018,1.0,3516.2
CA-604,2019,1.0,3283.5
CA-604,2020,2.0,10635.0
CA-604,2021,4.0,31849.8
CA-604,2022,1.0,2465.2
CA-604,2023,3.92,8592.6
CA-604,2024,9.32,94015.9
CA-604,2025,3.08,11391.8
CA-607,2009,0.0,676.7
CA-607,2025,0.03,360.7
CA-608,2000,0.38,4466.0
CA-608,2001,1.35,2031.7
CA-608,2002,0.06,126.7
CA-608,2003,5.02,20948.7
CA-608,2004,6.0,37193.7
CA-608,2005,4.03,15221.8
CA-608,2006,2.26,48485.7
CA-608,2008,0.01,387.6
CA-608,2009,1.0,2410.6
CA-608,2010,1.0,1028.2
CA-608,2011,1.0,1026.6
CA-608,2012,2.0,4814.8
CA-608,2013,4.63,54777.8
CA-608,2015,1.0,1048.7
CA-608,2016,1.0,1458.7
CA-608,2017,2.75,12140.2
CA-608,2018,2.67,29964.6
CA-608,2019,1.89,2832.9
CA-608,2020,3.66,30324.1
CA-608,2021,0.04,56.8
CA-608,2022,2.0,33953.8
CA-608,2023,4.0,14198.2
CA-608,2024,2.09,9050.3
CA-608,2025,3.0,5123.2
CA-609,2001,1.65,2244.9
CA-609,2002,3.0,15964.3
CA-609,2003,3.29,146247.2
CA-609,2004,1.0,1194.0
CA-609,2005,4.27,76568.6
CA-609,2006,3.75,84595.6
CA-609,2007,4.0,31847.9
CA-609,2008,0.4,12147.6
CA-609,2009,1.0,7237.9
CA-609,2011,2.0,2867.5
CA-609,2013,0.37,1384.5
CA-609,2014,1.0,2141.8
CA-609,2015,2.0,35533.5
CA-609,2016,2.0,44377.6
CA-609,2017,1.02,1594.4
CA-609,2018,1.0,1343.2
CA-609,2019,0.11,114.9
CA-609,2020,4.14,90981.3
CA-609,2021,1.0,2490.5
CA-609,2022,1.0,1079.3
CA-609,2023,1.0,93075.8
CA-609,2024,3.06,51469.9
CA-609,2025,2.0,5328.0
CA-611,2000,1.0,1024.2
CA-611,2002,1.0,21641.1
CA-611,2003,2.39,153930.5
CA-611,2005,1.84,23429.7
CA-611,2006,1.92,162592.2
CA-611,2007,0.6,47180.3
CA-611,2008,0.13,1884.9
CA-611,2009,1.0,17526.7
CA-611,2013,1.63,26406.9
CA-611,2015,0.99,1270.5
CA-611,2016,1.0,2300.3
CA-611,2017,0.85,238033.0
CA-611,2018,1.36,36932.1
CA-611,2019,2.0,11848.7
CA-611,2020,0.89,1939.0
CA-611,2023,1.0,2715.4
CA-611,2024,2.23,24909.6
CA-611,2025,1.11,2151.8
CA-612,2009,0.01,883.5
CA-612,2017,0.06,407.2
CA-614,2000,0.05,51.7
CA-614,2002,2.0,3403.2
CA-614,2003,2.0,2306.7
CA-614,2006,0.99,1659.5
CA-614,2010,2.0,3188.3
CA-614,2011,1.21,2581.9
CA-614,2015,2.0,4258.3
CA-614,2016,2.91,47648.4
CA-614,2017,2.36,9667.9
CA-614,2018,0.96,974.9
CA-614,2019,2.0,2874.7
CA-614,2020,3.0,6537.6
CA-614,2024,1.68,7968.7
CA-614,2025,2.64,166193.9
