year,fire_count,total_acres
2000,28,223078.4
2001,36,219431.7
2002,43,935486.2
2003,62,923558.0
2004,39,241965.2
2005,34,189133.3
2006,58,703301.1
2007,46,990054.7
2008,108,1335154.9
2009,37,408724.2
2010,18,74978.2
2011,34,166318.4
2012,41,821425.5
2013,30,545987.3
2014,33,539038.8
2015,49,763498.2
2016,44,528136.4
2017,75,1381012.9
2018,52,1553516.0
2019,30,250816.6
2020,75,4141354.5
2021,34,2481120.1
2022,21,301877.8
2023,31,324444.8
2024,55,966283.8
2025,35,472163.8
