coc_number,year,structures_destroyed,structures_destroyed_residential,structures_damaged,structures_impacted_total
CA-500,2016,28,12,1,29
CA-500,2019,2,2,0,2
CA-500,2020,145,88,14,159
CA-502,2020,39,24,6,45
CA-503,2020,0,0,1,1
CA-503,2022,3,0,4,7
CA-504,2015,6,1,1,7
CA-504,2017,6713,5151,416,7129
CA-504,2019,372,173,60,432
CA-504,2020,912,503,158,1070
CA-504,2021,1,0,0,1
CA-504,2024,10,3,4,14
CA-505,2018,2,2,0,2
CA-506,2015,18,13,1,19
CA-506,2016,69,58,4,73
CA-506,2020,105,64,20,125
CA-506,2022,3,2,1,4
CA-506,2023,5,4,0,5
CA-508,2017,6,2,0,6
CA-508,2020,1430,917,134,1564
CA-509,2014,11,5,0,11
CA-509,2017,544,313,36,580
CA-509,2018,11,6,1,12
CA-509,2020,72,41,3,75
CA-509,2021,53,33,6,59
CA-510,2020,23,14,2,25
CA-510,2023,2,1,4,6
CA-510,2025,0,0,2,2
CA-511,2020,22,12,4,26
CA-511,2024,8,5,3,11
CA-512,2020,60,14,6,66
CA-513,2017,1,1,0,1
CA-513,2020,232,173,12,244
CA-513,2021,21,13,0,21
CA-513,2024,1,1,0,1
CA-513,2025,2,1,1,3
CA-514,2016,9,4,1,10
CA-514,2017,13,8,5,18
CA-514,2018,1,0,1,2
CA-514,2020,858,569,71,929
CA-514,2021,9,5,2,11
CA-514,2022,49,31,1,50
CA-514,2023,3,2,0,3
CA-514,2024,6,2,0,6
CA-514,2025,5,4,4,9
CA-515,2018,0,0,2,2
CA-515,2021,62,48,8,70
CA-515,2022,39,22,7,46
CA-516,2013,207,61,14,221
CA-516,2014,242,158,8,250
CA-516,2016,10,5,1,11
CA-516,2017,28,11,5,33
CA-516,2018,1744,1140,295,2039
CA-516,2019,16,9,7,23
CA-516,2020,675,363,66,741
CA-516,2021,1719,971,150,1869
CA-516,2022,323,217,41,364
CA-516,2023,13,7,7,20
CA-516,2024,8,3,4,12
CA-516,2025,13,3,3,16
CA-517,2015,2,2,0,2
CA-517,2017,1098,595,153,1251
CA-517,2018,13,13,7,20
CA-517,2020,1365,613,213,1578
CA-517,2025,5,1,0,5
CA-518,2017,11,5,6,17
CA-518,2020,716,313,149,865
CA-519,2017,227,109,11,238
CA-519,2018,18805,13984,754,19559
CA-519,2019,2,2,1,3
CA-519,2020,2331,1519,120,2451
CA-519,2022,5,3,0,5
CA-519,2024,496,293,65,561
CA-519,2025,11,5,5,16
CA-521,2018,24,15,1,25
CA-521,2019,4,0,0,4
CA-521,2020,21,6,6,27
CA-522,2017,5,2,0,5
CA-522,2020,1,0,0,1
CA-522,2024,1,0,0,1
CA-523,2017,131,71,8,139
CA-523,2018,10,5,0,10
CA-523,2020,61,27,7,68
CA-523,2021,28,15,2,30
CA-523,2023,2,1,0,2
CA-524,2017,271,145,11,282
CA-524,2020,11,8,5,16
CA-524,2021,12,10,0,12
CA-524,2022,4,4,2,6
CA-525,2018,5,4,6,11
CA-525,2019,3,1,0,3
CA-525,2020,2,0,2,4
CA-525,2021,1008,784,83,1091
CA-525,2022,41,23,7,48
CA-525,2024,1,0,10,11
CA-525,2025,3,2,1,4
CA-526,2015,928,552,36,964
CA-526,2017,143,69,21,164
CA-526,2018,12,3,1,13
CA-526,2019,1,0,0,1
CA-526,2021,22,17,2,24
CA-526,2022,201,131,11,212
CA-526,2023,1,0,2,3
CA-526,2024,19,8,9,28
CA-526,2025,109,59,13,122
CA-527,2018,24,4,6,30
CA-527,2019,2,1,0,2
CA-527,2020,12,9,1,13
CA-527,2021,79,36,7,86
CA-527,2022,12,7,3,15
CA-527,2023,0,0,2,2
CA-527,2024,281,175,8,289
CA-527,2025,10,5,4,14
CA-529,2015,2074,1351,68,2142
CA-529,2016,300,188,27,327
CA-529,2017,166,136,9,175
CA-529,2018,294,164,43,337
CA-529,2019,2,2,0,2
CA-529,2020,9,8,0,9
CA-529,2021,60,55,8,68
CA-529,2025,7,1,8,15
CA-530,2015,53,35,6,59
CA-530,2016,7,5,0,7
CA-530,2021,15,9,2,17
CA-530,2024,12,5,3,15
CA-530,2025,30,23,6,36
CA-531,2017,62,31,5,67
CA-531,2020,18,13,3,21
CA-531,2021,80,54,13,93
CA-531,2022,5,5,0,5
CA-600,2017,150,75,75,225
CA-600,2018,1463,1076,252,1715
CA-600,2019,66,47,156,222
CA-600,2020,202,99,53,255
CA-600,2024,96,50,47,143
CA-600,2025,16278,11685,2050,18328
CA-601,2014,43,36,6,49
CA-601,2017,159,116,62,221
CA-601,2018,48,38,14,62
CA-601,2020,64,30,11,75
CA-601,2021,3,3,0,3
CA-601,2022,30,19,8,38
CA-601,2023,3,2,1,4
CA-601,2024,4,1,1,5
CA-601,2025,12,7,7,19
CA-602,2017,29,18,51,80
CA-602,2018,12,12,1,13
CA-602,2020,37,14,43,80
CA-602,2022,20,20,11,31
CA-602,2024,89,82,7,96
CA-603,2017,107,51,43,150
CA-603,2018,24,10,3,27
CA-603,2021,12,12,1,13
CA-603,2025,3,1,1,4
CA-604,2016,388,284,21,409
CA-604,2017,8,8,1,9
CA-604,2020,31,23,4,35
CA-604,2021,49,19,6,55
CA-604,2024,225,154,31,256
CA-608,2013,52,30,0,52
CA-608,2017,2,1,5,7
CA-608,2018,24,13,22,46
CA-608,2019,80,73,23,103
CA-608,2020,13,4,8,21
CA-608,2021,10,9,2,12
CA-608,2022,37,22,8,45
CA-608,2023,24,17,6,30
CA-608,2024,111,61,32,143
CA-608,2025,12,10,1,13
CA-609,2020,14,4,3,17
CA-609,2024,9,3,8,17
CA-609,2025,10,5,0,10
CA-611,2017,1038,762,220,1258
CA-611,2018,184,121,114,298
CA-611,2019,4,1,0,4
CA-611,2024,244,182,127,371
CA-611,2025,1,0,0,1
CA-614,2016,70,49,8,78
CA-614,2017,10,5,0,10
CA-614,2018,1,1,0,1
CA-614,2019,1,0,0,1
CA-614,2020,11,5,2,13
CA-614,2025,1,0,0,1
